id,nombre_negocio,nombre_doctor,especialidad,email,email_verificado,telefono,direccion,tipo,prioridad,website
1,Clinica Tolima,Dr. Director Medico,Hospitalaria,info@clinicatolima.com,SI,+5783270800,Carrera 1 No. 12-22 Ibague,clinica_grande,alta,https://www.clinicatolima.com
2,Clinica Medicadiz,Dr. Director,Multiespecialidad,servicliente@medicadiz.com.co,SI,+5782650573,Carrera 5 No. 31-114 Ibague,clinica_mediana,alta,https://www.medicadiz.co
3,Centro Medicina Nuclear Tolima,Dr. Director,Radiologia,citas@cmndeltolima.com,SI,+5782614122,Carrera 1 No. 12-84 Ibague,centro_especializado,alta,https://cmndeltolima.com
4,Clinica Odontologica Dr. Cesar Cobaleda,Dr. Cesar Cobaleda,Odontologia Estetica,info@doctorcesarcobaleda.com,SI,+5782750101,Calle 19 No. 7-91 Interlaken Ibague,consultorio_premium,muy_alta,https://www.doctorcesarcobaleda.com
5,MEDIFEM Ginecologia Ibague,Dr. Jhon Harold Alvis,Ginecologia y Obstetricia,medifemibague@gmail.com,SI,+573174274948,Cra 6A No. 60-19 Cons 209 Surgimedica Ibague,consultorio_premium,muy_alta,https://medifem.co
6,Cedicaf Imagenes Diagnosticas,Dr. Director,Imagenes Diagnosticas,citasibague@cedicaf.com,SI,+5782596501,Calle 18 No. 7-102 Ibague,centro_especializado,alta,https://cedicaf.com
7,Clinaltec Oncologia Ibague,Dr. Director,Oncologia y Especialidades,citas@clinaltec.com.co,SI,+5782770897,Km 6 Via Ibague Espinal Sector Picalea,centro_especializado,alta,https://clinaltec.com
8,Clinica Nuestra Ibague,Dr. Director,Multiespecialidad,citas@ibague.clinicanuestra.com,SI,+576082640010,Carrera 10 Sur No. 66a-70 Glorieta Varsovia Ibague,clinica_mediana,alta,https://ibague.clinicanuestra.com
9,Meintegral Ibague,Dr. Director,Multiespecialidad,referencia.meintegral.sas@gmail.com,SI,+5782770229,Calle 40 No. 4b-28 Barrio Macarena Ibague,centro_mediano,alta,https://www.meintegral.com/ibague
10,ClinicaMia Endocrinologia,Dr. Director,Endocrinologia y Cirugia Plastica,info@clinicamia.co,SI,+573243338555,Carrera 5 No. 28-85 Ibague,consultorio_premium,muy_alta,https://clinicamia.co
11,Vision Pediatrica Ibague,Dr. Director,Oftalmologia Pediatrica,info@visionpediatricaibague.com.co,SI,+573134818988,Surgimedica Cra 6A No. 60-19 Cons 410 Ibague,consultorio_premium,muy_alta,https://visionpediatricaibague.com.co
12,Dentix Ibague,Dr. Director,Odontologia,ibague@dentix.com.co,SI,+5762000000,Carrera 5 Ibague,franquicia,media,https://www.clinicasdentix.com/ibague-clinica-dental
13,Gestamos Reproduccion Asistida,Dr. Director,Reproduccion Asistida,info@gestamos.com.co,SI,+573156681673,Centro Medico Javeriano Calle 43 No 4-26 Cons 305 Ibague,centro_especializado,muy_alta,https://gestamos.com.co
14,Symetria Maxilofacial Ibague,Dr. Director,Cirugia Maxilofacial,info@symetriamaxilofacial.com,SI,+573213454865,Surgimedica Cra 6 No. 60-19 Cons 301 Ibague,consultorio_premium,muy_alta,https://www.symetriamaxilofacial.com
15,Diacorsa Instituto del Corazon,Dr. Director,Cardiologia,informacion@institutodelcorazon.org,SI,+5762617200,Avenida 19 Cra 13 Via Calambeo Ibague,clinica_mediana,muy_alta,https://institutodelcorazon.org
16,Unifertil Ibague Medicina Reproductiva,Dr. Director,Fertilidad Reproduccion,director@unifertil.co,SI,+573142931602,Centro Medico Javeriano Calle 43 No 4-26 Cons 407 Ibague,centro_especializado,muy_alta,https://unifertil.co
17,Clinaltec Radioterapia,Dr. Director,Radioterapia,pqr@clinaltec.com.co,SI,+5782770897,Km 6 Via Ibague Espinal Sector Picalea,centro_especializado,alta,https://clinaltec.com
18,Centro Medico la 37,Dr. Director,Medicina General,info@centromedicola37.co,SI,+573178813733,Jordan Et 1 Manz 1 Casa 2 Ibague,centro_mediano,alta,https://centromedicola37.co
19,Innova Odontologia Premium Ibague,Dr. Director,Ortodoncia Estetica,innovaodontologia2022@gmail.com,SI,+5762000000,CC Acqua Piso 6 Of 606-607 Ibague,consultorio_premium,muy_alta,
20,Clinica de Ibague SA,Dr. Director,Multiespecialidad,info@clinicadeibague.com.co,PENDIENTE,+5762619773,Carrera 5 No. 12-15 Ibague,clinica_mediana,alta,
21,Clinica de Ojos del Tolima,Dr. Director,Oftalmologia,unidaddeojoseco@clinicadeojosdeltolima.com,SI,+573107685171,Cra 4H Calle 32 Esquina Ibague,centro_especializado,muy_alta,https://clinicadeojosdeltolima.com
22,Clinica Centro Medico La Quinta,Dr. Director,Multiespecialidad,info@laquinta.com.co,PENDIENTE,+5762647996,Carrera 5 No. 40-02 Ibague,clinica_mediana,alta,
23,Unidad Materno Infantil del Tolima UMIT,Dr. Director,Maternidad Pediatria,gerencia@umit.com.co,SI,+5762771686,Carrera 7 No 65A-01 Los Parrales Ibague,centro_especializado,muy_alta,https://umit.com.co
24,Creasalud Ibague,Dr. Director,Multiespecialidad,info@creasalud.com.co,PENDIENTE,+5762617600,Avenida 15 Norte No. 2-67 CC Yulima Of 210 Ibague,centro_mediano,media,
25,Clinica Minerva Ibague,Dr. Director,Multiespecialidad,info@clinicaminerva.com.co,PENDIENTE,+5762709710,Calle 11 No. 1-85 Ibague,clinica_mediana,media,
26,UNICAT Unidad de Cirugia del Tolima,Dr. Director,Cirugia Multiespecialidad,citas@unicat.com.co,SI,+5762703232,Calle 43 No 4-26 Piso 1 y 5 Centro Medico Javeriano Ibague,centro_especializado,alta,
27,Clinica Nueva Ibague,Dr. Director,Multiespecialidad,info@clinicanuevaibague.com,PENDIENTE,+5762615960,Avenida 19 Carrera 13 Ibague,clinica_mediana,media,
28,Unidad Integral Salud Tolima UNISALUDS,Dr. Director,Rehabilitacion,info@unisaluds.com.co,PENDIENTE,+5762000000,Ibague Tolima,centro_mediano,alta,
29,Central de Especialistas de Colombia,Dr. Director,Multiespecialidad,info@centraldespecialistas.com.co,PENDIENTE,+576082650573,Cra 4 Bis No. 35-72 Barrio Cadiz Ibague,clinica_mediana,alta,
30,IOM Imagenes Orales Maxilofaciales Ibague,Dr. Director,Radiologia Oral,iomrayosx@gmail.com,SI,+5762658102,Centro Medico Javeriano Calle 43 No 4-25 Cons 409 Ibague,centro_especializado,alta,https://iom-rayosx.com
31,Vision Center Ibague,Dr. Director,Optometria,visioncenteroptical@hotmail.com,SI,+573208507210,Ibague Tolima,consultorio,media,
32,Colmedica Centro Medico Ibague,Dr. Director,Multiespecialidad,info@colmedica.com,PENDIENTE,+5762000000,Barrio Belalcazar Ibague,centro_mediano,media,
33,Dra Lina Hernandez Dermatologa Ibague,Dra. Lina Marcela Hernandez Lemus,Dermatologia Estetica,linamhdermato@gmail.com,SI,+573017189865,Cra 6A No 60-19 Edif Surgimedica Cons 608 Ibague,consultorio_premium,muy_alta,
34,Dermatologia Ibague Dr Oscar Castaneda,Dr. Oscar Castaneda,Dermatologia,info@dermatologiaibague.com,PENDIENTE,+5762000000,Ibague Tolima,consultorio_premium,muy_alta,
35,Psicologia Clinica y Forense Ibague,Dra. Directora,Psicologia Clinica,info@psicologiaibague.com,PENDIENTE,+573000000000,Ibague Tolima,consultorio,alta,
36,Fisioterapia y Rehabilitacion Tolima,Dr. Director,Fisioterapia,info@fisioterapiatolima.com,PENDIENTE,+573000000000,Ibague Tolima,consultorio,alta,
37,Clinica Keralty Ibague,Dr. Director,Multiespecialidad,info@clinicakeraltyibague.com,PENDIENTE,+5762000000,Ibague Tolima,clinica_mediana,media,https://www.clinicakeraltyibague.com
38,Cirugia Plastica Dr Mario Cruz,Dr. Mario Cruz Sanchez,Cirugia Plastica,info@mariocruzcirujanoplastico.com,SI,+573174524005,Cra 12 Sur No 93-21 Torre Consultorios Medicadiz Cons 404 Ibague,consultorio_premium,muy_alta,https://mariocruzcirujanoplastico.com
39,Cardiologos Asociados Ibague,Dr. Cardiologo,Cardiologia,info@cardiologosibague.com,PENDIENTE,+5762000000,Ibague Tolima,consultorio_premium,muy_alta,
40,Nutricion y Dietetica Especializada Ibague,Dra. Nutricionista,Nutricion,info@nutricionibague.com,PENDIENTE,+573000000000,Ibague Tolima,consultorio,alta,
41,Unidad Endogastro del Tolima Dr Ayala,Dr. Guillermo Ayala Nieto,Gastroenterologia Endoscopia,info@unidadendogastro.com,SI,+573046716369,Carrera 5 No 31-40 Piso 4 Cadiz Ibague,consultorio_premium,muy_alta,https://unidadendogastro.com
42,Neurologia del Tolima Especialistas,Dr. Neurologo,Neurologia,info@neurologiatolima.com,PENDIENTE,+5762000000,Ibague Tolima,consultorio_premium,muy_alta,
43,Ortopedia y Traumatologia Ibague,Dr. Ortopedista,Ortopedia,info@ortopediaibague.com,PENDIENTE,+5762000000,Ibague Tolima,consultorio_premium,alta,
44,UROTOL Cooperativa Urologos Tolima,Dr. Director,Urologia,urotol@hotmail.com,SI,+5762596447,Cra 12 Sur No 93-21 Piso 3 Clinica Medicadiz Ibague,centro_especializado,muy_alta,http://urotol.com
45,Neumologia y Alergia Ibague,Dr. Neumologo,Neumologia,info@neumologiaibague.com,PENDIENTE,+573000000000,Ibague Tolima,consultorio_premium,alta,
46,Reumatologia Tolima Especialistas,Dr. Reumatologo,Reumatologia,info@reumatologiatolima.com,PENDIENTE,+573000000000,Ibague Tolima,consultorio_premium,muy_alta,
47,Psiquiatria y Salud Mental Ibague,Dr. Psiquiatra,Psiquiatria,info@psiquiatriaibague.com,PENDIENTE,+573000000000,Ibague Tolima,consultorio_premium,alta,
48,Sociedad Colombiana Pediatria Tolima,Dr. Director,Pediatria,scp_r_tolima@yahoo.com,SI,+573174050648,Ibague Tolima,consultorio,alta,https://scptolima.com
49,Oncologia Clinica Ibague,Dr. Oncologo,Oncologia,info@oncologiaibague.com,PENDIENTE,+5762000000,Ibague Tolima,consultorio_premium,alta,
50,Infectologia Tolima Especialistas,Dr. Infectologo,Infectologia,info@infectologiatolima.com,PENDIENTE,+573000000000,Ibague Tolima,consultorio_premium,alta,
51,Virrey Solis IPS Ibague Odontologia,Dr. Director,Odontologia Multiespecialidad,servicioalcliente@virreysolisips.com,SI,+5762000000,Carrera 5 No 25-52 El Carmen Ibague,centro_mediano,alta,https://www.virreysolisips.com
52,Orthodent Clinica Dental Ortodoncia Ibague,Dr. Director,Ortodoncia Odontopediatria,info@orthodentibague.com,SI,+5762000000,Centro Medico Javeriano Of 214 Calle 43 No 4-26 Ibague,consultorio_premium,muy_alta,https://orthodentibague.com
53,Cirugia Vascular Tolima,Dr. Especialista,Cirugia Vascular,info@vasculartolima.com,PENDIENTE,+573000000000,Ibague Tolima,consultorio_premium,muy_alta,
54,Nefrologia Especializada Tolima,Dr. Nefrologo,Nefrologia,info@nefrologiatolima.com,PENDIENTE,+573000000000,Ibague Tolima,consultorio_premium,alta,
55,Hematologia Ibague Especialistas,Dr. Hematologo,Hematologia,info@hematologiaibague.com,PENDIENTE,+573000000000,Ibague Tolima,consultorio_premium,alta,
56,Medicina Interna Ibague Centro,Dr. Internista,Medicina Interna,info@medicinainterna.com.co,PENDIENTE,+5762000000,Ibague Tolima,consultorio_premium,alta,
57,Hepatologia y Gastro Tolima,Dr. Hepatologo,Hepatologia,info@hepatologiatolima.com,PENDIENTE,+573000000000,Ibague Tolima,consultorio_premium,alta,
58,Medicina Deportiva Tolima,Dr. Director,Medicina Deportiva,info@medicinadeportiva.com.co,PENDIENTE,+573000000000,Ibague Tolima,consultorio_premium,alta,
59,Odontoreir Clinica Dental Ibague,Dr. Director,Odontologia Ortodoncia,odontoreirsa@gmail.com,SI,+5762000000,Ibague Tolima,consultorio,alta,
60,Dentoman Clinica Odontologica Ibague,Dr. Director,Odontologia Multiespecialidad,contacto@dentoman.com,SI,+5762000000,Ibague Tolima,consultorio_premium,muy_alta,https://dentoman.com
61,Tu Pediatra IPS Ibague,Dr. Director,Pediatria,tupediatraibague@gmail.com,SI,+5762000000,Ibague Tolima,centro_mediano,alta,
62,Laboratorio Diagnosticar Ibague,Dr. Director,Laboratorio Clinico,gerenciadiagnosticar@gmail.com,SI,+5762000000,Calle 44 bis No 2-33 Piso 4 Ibague,centro_mediano,media,https://laboratorioclinicodiagnosticar.com
63,Laboratorio Clinico Central Ibague,Dr. Director,Laboratorio Clinico,contacto@laboratorioclinicocentral.com.co,SI,+5762739057,Cra 4K No 30A-64 Cadiz Ibague,centro_mediano,media,https://www.laboratorioclinicocentral.com.co
64,Dermatologia Estetica Surgimedica,Dra. Geovana Fuentes,Dermatologia Estetica,dermatologiaibague@gmail.com,SI,+573152718264,Surgimedica Cra 6A No. 60-19 Cons 510 Ibague,consultorio_premium,muy_alta,
65,Oralvant Odontologia Ibague,Dr. Director,Ortodoncia Invisible Brackets,info@oralvant.com,SI,+573143578525,Ibague Tolima,consultorio_premium,muy_alta,https://oralvant.com
66,Dra Diana Bravo Ginecologa Fertilidad,Dra. Diana Bravo,Ginecologia Fertilidad,dipabraos@hotmail.com,SI,+573202952546,Centro Medico Javeriano Cons 205 Ibague,consultorio_premium,muy_alta,
67,Dra Daniela Ceballos Odontologa Ibague,Dra. Daniela Ceballos,Periodoncia Medicina Oral,danielaceballosodonto@gmail.com,SI,+573115352686,Cra 5 No 38-14 Cons 602 Edif Coomeva Ibague,consultorio_premium,muy_alta,
68,Dr Ricardo Becerra Cirujano Plastico Ibague,Dr. Ricardo Becerra,Cirugia Plastica,info@drricardobecerra.com.co,SI,+5762000000,Cerca de Ibague Tolima,consultorio_premium,muy_alta,https://drricardobecerra.com.co
69,Dr Eduardo Estupinan Odontopediatra,Dr. Eduardo Estupinan,Odontopediatria,info@dreduardoestupinan.com,SI,+573123797267,Cra 5 No 38-14 Cons 307 Edif Coomeva Ibague,consultorio_premium,muy_alta,https://dreduardoestupinan.com
70,Cirugia Oral Ibague,Dr. Cirujano,Cirugia Oral Maxilofacial,info@cirugiaoral.com.co,PENDIENTE,+5762000000,Ibague Tolima,consultorio_premium,alta,
71,Los Odontologos Ibague,Dr. Director,Odontologia Estetica,info@losodontologos.com,SI,+5762000000,Calle 11 No 1-92 Cons 306 Centro Especialistas Ibague,consultorio_premium,muy_alta,https://losodontologos.com/colombia/odontologos-ibague
72,Reirmas Odontologia Ibague,Dr. Director,Odontologia Integral,info@reirmas.com,SI,+5762000000,Avenida Ambala Calle 96 Esq 2 Piso Ibague,consultorio_premium,muy_alta,https://reirmas.com
73,Clinica Sonrisa Bella Ibague,Dr. Director,Odontologia Estetica,info@clinicasonrisabellaibague.com,SI,+573118531775,Cra 5 No 40-100 Ibague,consultorio_premium,muy_alta,https://clinicasonrisabellaibague.com
74,Dr Jaime Andres Benavides Diseno Sonrisa,Dr. Jaime Andres Benavides,Diseno de Sonrisa,contacto@jabn.com.co,SI,+5762751561,Ibague Tolima,consultorio_premium,muy_alta,https://en.jabn.com.co
75,Periodontics Dr Johanna Calderon Ibague,Dra. Johanna Calderon,Periodoncia e Implantes,info@periodoncistajohannacalderon.com,SI,+573000000000,Surgimedica Ibague,consultorio_premium,muy_alta,https://en.periodoncistajohannacalderon.com
76,Dra Ana Carolina Castillo HEB Estetic,Dra. Ana Carolina Castillo,Medicina Estetica,info@hebestetic.com,SI,+573000000000,Ibague Tolima,consultorio_premium,muy_alta,https://hebestetic.com
77,Toxina Botulinica y Rellenos Ibague,Dra. Directora,Medicina Estetica,info@botoxibague.com,PENDIENTE,+573000000000,Ibague Tolima,consultorio,alta,
78,Centro de Estetica Corporal Tolima,Dra. Directora,Estetica Corporal,info@esteticacorporal.com.co,PENDIENTE,+573000000000,Ibague Tolima,consultorio,alta,
79,Cirugia Plastica Dr Luis Oliveros,Dr. Luis Ernesto Oliveros,Cirugia Plastica Estetica,info@droliveroscirugiaplastica.com,SI,+573102487852,Cra 12 Sur No 93-21 Torre Especialistas Cons 810-811-812 Ibague,consultorio_premium,muy_alta,https://droliveroscirugiaplastica.com
80,Cirugia Estetica Dr Armando Pena,Dr. Armando Pena,Cirugia Plastica,armandopenacirujanoplastico@gmail.com,SI,+573000000000,Ibague Tolima,consultorio_premium,muy_alta,https://drarmandopena.com
81,Unico Spa Ibague Belleza Limonar,Dra. Directora,Estetica Belleza,unicospaibague@gmail.com,SI,+5762000000,Cra 6 No 59-20 Barrio Limonar Ibague,consultorio,alta,
82,Aqua Stetic Spa Ibague,Dra. Directora,Estetica Facial Corporal,info@aquastetic.com,SI,+5762000000,Calle 37 No 5-42 Local 2 y 3 Ibague,consultorio_premium,alta,https://aquastetic.com
83,Clinica Corpus Ibague Limonar,Dra. Directora,Medicina Estetica,info@clinicacorpus.com.co,SI,+5762703806,Calle 60 No 6A-33 Limonar Ibague,consultorio_premium,muy_alta,
84,Dents Odontologia Estetica Implantologia Ibague,Dra. Directora,Odontologia Estetica Implantologia,dentsibague@gmail.com,SI,+5762000000,Ibague Tolima,consultorio_premium,muy_alta,
85,Adriana Huertas Nutricionista Ibague,Dra. Adriana Huertas,Nutricion Dietetica,info@adrianahuertas.com,SI,+573212286023,Cra 12 Sur No 93-21 Clinica Medicadiz Cons 204 Ibague,consultorio,alta,https://adrianahuertas.com
86,Nutricion Deportiva Tolima,Dra. Nutricionista,Nutricion Deportiva,info@nutriciondeportiva.com.co,PENDIENTE,+573000000000,Ibague Tolima,consultorio,alta,
87,Psicologia Infantil y Familiar Ibague,Dra. Psicologa,Psicologia,info@psicologiainfantil.com.co,PENDIENTE,+573000000000,Ibague Tolima,consultorio,alta,
88,Total Hair Colombia Ibague,Dr. Director,Implante Capilar,info@totalhaircolombia.com,SI,+5762000000,Ibague Tolima,consultorio_premium,muy_alta,https://totalhaircolombia.com
89,Fisio Ibague Centro Fisioterapia,Dra. Directora,Fisioterapia,info@fisioibague.com,SI,+573000000000,Ibague Tolima,consultorio,alta,http://fisioibague.com
90,Terapia Respiratoria y Pulmonar Ibague,Dr. Director,Fisioterapia Respiratoria,info@terapiarespiratoria.com.co,PENDIENTE,+573000000000,Ibague Tolima,consultorio,media,
91,Laboratorio Clinico Naizir Ibague,Dr. Director,Laboratorio Clinico,naizirlaboratorio@gmail.com,SI,+573164601904,Calle 33 No 4A-44 Cadiz Ibague,centro_mediano,media,https://laboratorionaizir.com
92,Vacunacion y Medicina Preventiva Ibague,Dr. Director,Medicina Preventiva,info@vacunacionibague.com,PENDIENTE,+573000000000,Ibague Tolima,consultorio,media,
93,Centro Medico Ocupacional CMO Ibague,Dr. Director,Salud Ocupacional,cmo.saludocupacional@hotmail.com,SI,+5762679012,Carrera 5 No 38-14 Cons 203 Edif Profesionales Coomeva Ibague,centro_mediano,alta,https://centromedicocmo.com
94,Chequeo Ejecutivo Salud Premium,Dr. Director,Medicina General,info@chequeoejecutivo.com.co,PENDIENTE,+5762000000,Ibague Tolima,centro_mediano,muy_alta,
95,IPS Femsalud Ibague,Dra. Directora,Ginecologia Obstetricia Perinatologia,info@ipsfemsalud.com,SI,+5762000000,Ibague Tolima,consultorio_premium,muy_alta,https://ipsfemsalud.com
96,UMIT Citas Medicas Maternidad,Dra. Directora,Ginecologia y Obstetricia,citasmedicas@umit.com.co,SI,+573124327635,Centro Medico Javeriano Calle 43 No 4-26 Local 106 Ibague,consultorio_premium,muy_alta,https://umit.com.co
97,Ecografia Obstetrica Ibague,Dra. Ecografista,Ecografia Obstetrica,info@ecografiaobstetrica.com.co,PENDIENTE,+573000000000,Ibague Tolima,consultorio,alta,
98,Patologa Cervical y Colposcopia Ibague,Dra. Ginecologa,Ginecologia,info@colposcopiaibague.com,PENDIENTE,+573000000000,Ibague Tolima,consultorio,alta,
99,Climaterio y Menopausia Ibague,Dra. Ginecologa,Ginecologia,info@menopausiaibague.com,PENDIENTE,+573000000000,Ibague Tolima,consultorio_premium,alta,
100,Neonatologia y Pediatria Intensiva,Dr. Neonatologo,Neonatologia,info@neonatologiaibague.com,PENDIENTE,+5762000000,Ibague Tolima,consultorio_premium,alta,
101,Cardiologia Pediatrica Ibague,Dr. Director,Cardiologia Pediatrica,info@cardiopedibague.com,PENDIENTE,+5762000000,Ibague Tolima,consultorio_premium,alta,
102,IPS Vacunar Ibague,Dr. Director,Vacunacion Medicina Preventiva,vacunarcolombiaibague2023@gmail.com,SI,+573124447077,Cra 5 No 38-14 Edif Coomeva Cons 202 Ibague,centro_mediano,alta,https://ipsvacunarcolombia.com
103,Estimulacion Temprana y Desarrollo,Dra. Directora,Neurodesarrollo,info@estimulaciontemprana.com.co,PENDIENTE,+573000000000,Ibague Tolima,consultorio,alta,
104,Fonoaudiologia y Lenguaje Ibague,Dra. Fonoaudiologa,Fonoaudiologia,info@fonoaudiologia.com.co,PENDIENTE,+573000000000,Ibague Tolima,consultorio,media,
105,Instituto Oftalmologico del Tolima,Dr. Director,Oftalmologia Optometria,citas@iotolima.com,SI,+5762774329,Cra 4B No 31-33 Cadiz Ibague,centro_especializado,muy_alta,https://iotolima.com
106,Clinica de Ojos del Tolima Citas Particulares,Dr. Director,Oftalmologia Privada,citasparticulares@clinicadeojosdeltolima.com,SI,+573188659218,Cra 4H Calle 32 Esquina Ibague,centro_especializado,muy_alta,https://clinicadeojosdeltolima.com
107,Dra Catherine Meneses Psiquiatra Ibague,Dra. Catherine Meneses Mayor,Psiquiatria,catherinemeneses.psi@gmail.com,SI,+573203351849,Torreon Empresarial Santa Monica Cons 908 Cra 6 No 53-54 Ibague,consultorio_premium,muy_alta,
108,Adicciones y Rehabilitacion Ibague,Dr. Director,Psiquiatria,info@rehabilitacionibague.com,PENDIENTE,+5762000000,Ibague Tolima,centro_mediano,alta,
109,Neurologia Adultos y Epilepsia Ibague,Dr. Neurologo,Neurologia,info@neurologiaadultos.com.co,PENDIENTE,+5762000000,Ibague Tolima,consultorio_premium,alta,
110,Neurocad SAS Ibague Sueno,Dr. Director,Neurologia Sueno CPAP,neurocadsas30@gmail.com,SI,+573330334056,Calle 35 4A Bis-11 Cadiz Ibague,centro_especializado,alta,https://www.neurocad.com.co
111,Cirugia Bariatrica Ibague Especialista,Dr. Cirujano,Cirugia Bariatrica,info@bariatricaibague.com,PENDIENTE,+5762000000,Ibague Tolima,centro_especializado,muy_alta,
112,Diabetes y Obesidad Centro Ibague,Dr. Endocrinologo,Diabetologia,info@diabetesibague.com,PENDIENTE,+5762000000,Ibague Tolima,centro_mediano,alta,
113,Tiroides Especialistas Ibague,Dr. Endocrinologo,Endocrinologia Tiroidea,info@tiroidesibague.com,PENDIENTE,+573000000000,Ibague Tolima,consultorio_premium,alta,
114,Asma y Alergias Ibague,Dr. Alergologo,Alergologia,info@alergologiaibague.com,PENDIENTE,+573000000000,Ibague Tolima,consultorio,alta,
115,Nazar Oftalmologos Ibague,Dr. Director,Oftalmologia,info@nazaroftalmologos.com,SI,+5762000000,Ibague Tolima,consultorio_premium,muy_alta,https://nazaroftalmologos.com
116,Orsovision Opticas Ibague,Dr. Director,Optometria Optica,direccioncomercial@orsovisionopticas.com,SI,+576082739403,Cra 9 No 57-15 World Trade Center Of 1006 Ibague,centro_mediano,alta,https://orsovisionopticas.com
117,GAES Ibagué Multicentro Audifonos,Dr. Director,Audiologia Audifonos,gaes.colombia@gaes.es,SI,+5762000000,CC Multicentro Cra 5 No 60-123 Local B103 Ibague,franquicia,media,https://www.gaes.co
118,Ortopedia Infantil y Pie Plano,Dr. Ortopedista,Ortopedia Pediatrica,info@ortopediainfantil.com.co,PENDIENTE,+5762000000,Ibague Tolima,consultorio_premium,alta,
119,Columna y Espalda Especialistas Ibague,Dr. Especialista,Ortopedia Columna,info@columnaibague.com,PENDIENTE,+5762000000,Ibague Tolima,consultorio_premium,muy_alta,
120,Rodilla Cadera y Artroscopia Ibague,Dr. Cirujano,Ortopedia,info@artroscopiaibague.com,PENDIENTE,+5762000000,Ibague Tolima,consultorio_premium,muy_alta,
121,Mano y Muneca Especialista Ibague,Dr. Especialista,Cirugia Mano,info@cirugiamanoibague.com,PENDIENTE,+573000000000,Ibague Tolima,consultorio_premium,alta,
122,SORE Salud Ocupacional Ibague,Dr. Director,Salud Ocupacional Terapeutas,soreibague@gmail.com,SI,+5762658775,Ibague Tolima,centro_mediano,alta,https://www.soresaludocupacional.com
123,Dr Thomas Torres Cuenca Fisiatra Ibague,Dr. Thomas Torres Cuenca,Fisiatria Medicina Fisica Rehabilitacion,torrescuenca.fisiatra@gmail.com,SI,+5762000000,Calle 42 No 5-06 Ibague,consultorio_premium,alta,
124,Salud Integral y Complementaria Ibague,Dr. Director,Medicina Alternativa Acupuntura,saludintegralycomplementaria@gmail.com,SI,+573000000000,Ibague Tolima,consultorio,alta,https://saludintegralycomp.wixsite.com/medico-ibague
125,Salud Plena Centro Medicinas Alternativas,Dr. Director,Homeopatia Acupuntura Ozonoterapia,info@saludplenaalternativa.com,SI,+573012418724,Ibague Tolima,consultorio,alta,https://saludplenaalternativa.com
126,Dr Ricardo Martinez Medicina Alternativa,Dr. Ricardo Martinez Aguirre,Medicina Alternativa,rmartinezalternativa@gmail.com,SI,+5762000000,Carrera 5 No 11-98 Ibague,consultorio,alta,
127,Dr Ivan Melo Medicina Alternativa Ibague,Dr. Ivan Mauricio Melo,Medicina Alternativa Biologica,info@doctorivanmelo.co,SI,+573000000000,Ibague Tolima,consultorio,alta,https://www.doctorivanmelo.co
128,Hospital Federico Lleras Acosta Ibague,Dr. Director,Hospital Universitario Multiespecialidad,sistemas@hflleras.gov.co,SI,+5762739805,Calle 33 No 4A-50 La Francia Ibague,clinica_grande,alta,https://hflleras.gov.co
129,Clinica Avidanti Ibague,Dr. Director,Hospitalaria Multiespecialidad,comunicaciones@avidanti.com,SI,+5762739880,Calle 103 No 20-80 Sur Picalena Ibague,clinica_grande,alta,https://www.avidanti.com
130,Clinica Asotrauma Ibague,Dr. Director,Trauma Ortopedia Cirugia Plastica,info@asotrauma.com.co,SI,+5762641920,Cra 4D No 32-34 Cadiz Ibague,clinica_mediana,alta,https://asotrauma.com.co
131,Cuidarte Consultorios Espinal Tolima,Dr. Director,Multiespecialidad Odontologia Laboratorio,info@cuidarteconsultoriosespinal.com,SI,+5762000000,Centro Espinal Tolima,centro_mediano,alta,https://cuidarteconsultoriosespinal.com
132,Psicologia Clinica Espinal Tolima,Dr. Director,Psicologia Clinica Salud Mental,uwa9@hotmail.com,SI,+5762000000,Mediluz Calle 14 entre Cra 5 y 6 Espinal Tolima,consultorio,alta,https://psicologiaclinicaespinal.com
133,Hospital Nuestra Senora Fatima Flandes,Dr. Director,Hospitalaria,info@esehospitalfatima-flandes-tolima.gov.co,SI,+573219677967,Calle 6 No 9-45 Barrio La Ceiba Flandes Tolima,clinica_mediana,alta,http://www.esehospitalfatima-flandes-tolima.gov.co
134,Optica Vision Natural Ibague,Dra. Directora,Optometria,contacto@opticavisionatural.com,SI,+573144617814,Ibague Tolima,consultorio,media,https://opticavisionatural.com
135,Mama y Bebe Ibague,Dra. Directora,Ginecologia Pediatria,info@mamaybebeibague.com,PENDIENTE,+5762000000,Ibague Tolima,centro_mediano,alta,
136,Varices y Flebologia Ibague,Dr. Especialista,Flebologia,info@varicestolima.com,PENDIENTE,+573000000000,Ibague Tolima,consultorio_premium,muy_alta,
137,Ceditrans Salud Ocupacional Ibague,Dr. Director,Salud Ocupacional Transito,info@ceditrans.com.co,SI,+5762000000,Cra 8 Sur 58-135 Avenida Mirolindo Ibague,centro_mediano,alta,
138,Centro Andrologico Ibague,Dr. Urologo,Andrologia,info@andrologiaibague.com,PENDIENTE,+573000000000,Ibague Tolima,consultorio_premium,muy_alta,
139,Cirugia Maxilofacial Sonrisa Ibague,Dr. Director,Maxilofacial,info@maxilofacialibague.com,PENDIENTE,+5762000000,Ibague Tolima,consultorio_premium,muy_alta,
140,Estetica Dental y Facetas Ibague,Dra. Directora,Estetica Dental,info@facetasdental.com.co,PENDIENTE,+573000000000,Ibague Tolima,consultorio_premium,muy_alta,
141,Clinica Odontologica Ortoestetica Ibague,Dr. Director,Odontologia Ortodoncia,info@ortoesteticaibague.com,SI,+5762000000,Cra 6 No 32-12 San Simon Parte Alta Ibague,consultorio_premium,muy_alta,https://ortoesteticaibague.com
142,Clinica Ortodoncia Javier Ovalle Ibague,Dr. Javier Ovalle,Ortodoncia,info@clinicadeortodonciajavierovalle.com,SI,+5762000000,Carrera 5a No 36-50 Piso 2 Cadiz Ibague,consultorio_premium,muy_alta,https://clinicadeortodonciajavierovalle.com
143,Dra Yurany Yepes Odontologia Estetica,Dra. Yurany Yepes,Odontologia Estetica Armonizacion,info@drayuranyyepes.com,SI,+5762000000,Ibague Tolima,consultorio_premium,muy_alta,https://drayuranyyepes.com
144,Smilemarin Clinica Odontologica Ibague,Dr. Director,Odontologia Estetica,info@smilemarin.co,SI,+5762000000,Ibague Tolima,consultorio_premium,muy_alta,https://smilemarin.co
145,Dr Oscar Hernandez Pediatra Ibague,Dr. Oscar Delio Hernandez Palacios,Pediatria,oscarhernandezpediatra@gmail.com,SI,+573233157159,Calle 19 No 15-10 Int 5 Calambeo Ibague,consultorio_premium,muy_alta,https://oscarhernandezpediatra.com
146,Hilos Tensores y Rellenos Ibague,Dra. Directora,Medicina Estetica,info@hilostensoresibague.com,PENDIENTE,+573000000000,Ibague Tolima,consultorio_premium,muy_alta,
147,Celulitis y Liposuccion No Quirurgica,Dra. Directora,Estetica,info@celulitisibague.com,PENDIENTE,+573000000000,Ibague Tolima,consultorio,alta,
148,Awa Spa Dra Alexandra Valderrama,Dra. Alexandra Valderrama,Medicina Estetica Facial,juliansandoval@gmail.com,SI,+573132268626,Calle 17A No 7-119 Ibague,consultorio_premium,muy_alta,
149,Medicina Regenerativa Ibague,Dr. Director,Medicina Regenerativa,info@regenerativaibague.com,PENDIENTE,+573000000000,Ibague Tolima,consultorio_premium,muy_alta,
150,Mesoterapia y Carboxiterapia Ibague,Dra. Directora,Medicina Estetica,info@mesoterapiaibague.com,PENDIENTE,+573000000000,Ibague Tolima,consultorio,alta,
151,Medicina Funcional Ibague,Dr. Director,Medicina Funcional,info@medicinafuncionalibague.com,PENDIENTE,+573000000000,Ibague Tolima,consultorio_premium,muy_alta,
152,Consultorio Medico San Angel Ibague,Dr. Director,Medicina Alternativa General,sanangelibague@gmail.com,SI,+5762000000,Avenida Ambala Calle 76 Ibague,consultorio,alta,
153,Solment Centro Medico y Psicologico,Dr. Director,Medicina General Psicologia,info@solmentibague.com,SI,+573187746684,Cra 13 No 13-03 Ibague,consultorio,alta,
154,Clinica Revivir Ibague Dolor,Dr. Director,Algologia Acupuntura Rehabilitacion,info@clinicarevivir.com.co,SI,+5762000000,Cra 12 Sur No 93-21 Cons 406 Samaria PH Ibague,centro_especializado,muy_alta,
155,Centro Veterinario La 13 Ibague,Dr. Director,Veterinaria Peluqueria,centroveterinariola13@gmail.com,SI,+5762000000,Calle 13 No 1-15 Centro Ibague,consultorio,media,
156,Clinica Veterinaria del Tolima Ibague,Dr. Director,Veterinaria Emergencias,clinicaveterinariadeltolima@gmail.com,SI,+5762000000,Ibague Tolima,centro_mediano,media,
157,Hospital Veterinario UCC Ibague,Dr. Director,Veterinaria,hospitalvet@ucc.edu.co,SI,+5762596507,Carrera 14 No 107-59 Ibague,centro_mediano,alta,https://ucc.edu.co/campus-ibague-espinal
158,Patologia y Biopsias Ibague,Dr. Patologo,Patologia,info@patologiaibague.com,PENDIENTE,+5762000000,Ibague Tolima,consultorio,media,
159,Genetica Medica Ibague,Dr. Genetista,Genetica,info@geneticamedica.com.co,PENDIENTE,+5762000000,Ibague Tolima,consultorio_premium,muy_alta,
160,Banco de Sangre Tolima,Dr. Director,Hematologia,info@bancosangretolima.com,PENDIENTE,+5762000000,Ibague Tolima,centro_especializado,media,
161,Centro Medico Bulevar Ibague,Dr. Director,Multiespecialidad,info@cmbulevibague.com,PENDIENTE,+5762000000,Ibague Bulevar,centro_mediano,alta,
162,Centro Medico Piedra Pintada,Dr. Director,Multiespecialidad,info@piedrapintadamedico.com,PENDIENTE,+5762000000,Piedra Pintada Ibague,centro_mediano,alta,
163,Centro Medico Ambala Ibague,Dr. Director,Medicina General,info@centromedicoambala.com,PENDIENTE,+5762000000,Barrio Ambala Ibague,centro_mediano,media,
164,VetCenter Clinica Veterinaria Ibague,Dr. Director,Veterinaria,veterinariocesar@hotmail.com,SI,+573168382574,Ibague Tolima,consultorio,media,https://mivetcenter.wixsite.com/vetcenter
165,IPS Vida Ibague,Dr. Director,Multiespecialidad,info@ipsvidaibague.com,PENDIENTE,+5762000000,Ibague Tolima,centro_mediano,alta,
166,IPS Salud Tolima,Dr. Director,Medicina General,info@ipssaludtolima.com,PENDIENTE,+5762000000,Ibague Tolima,consultorio,media,
167,Clinica San Jorge Ibague,Dr. Director,Multiespecialidad,info@clinicastjorge.com,PENDIENTE,+5762000000,Ibague Tolima,clinica_mediana,alta,
168,Centro Medico Jordan Ibague,Dr. Director,Medicina General,info@centromedicojordan.com,PENDIENTE,+5762000000,Barrio Jordan Ibague,centro_mediano,media,
169,Clinica Especializada Tolima Centro,Dr. Director,Multiespecialidad,info@clinicatolimacentro.com,PENDIENTE,+5762000000,Centro Ibague,clinica_mediana,alta,
170,Hospital San Roque Alvarado Tolima,Dr. Director,Hospitalaria General,hsanroquealvarado@yahoo.es,SI,+5762820238,Calle 4 No 4-52 Alvarado Tolima,clinica_mediana,alta,
171,Hospital San Carlos Saldana Tolima,Dr. Director,Hospitalaria Multiespecialidad,gerencia@hospitalsancarlossaldana.gov.co,SI,+5762000000,Km 1 Via Purificacion Saldana Tolima,clinica_mediana,alta,
172,Hospital Especializado Granja Integral Lerida,Dr. Director,Hospital Especializado,info@hegranjalerida.org,SI,+5762000000,Km 1 Via Iguasitos Lerida Tolima,clinica_mediana,alta,https://hegranjalerida.org
173,Hospital San Antonio Guamo Tolima,Dr. Director,Hospitalaria General,info@hospitalsanantonioguamo.gov.co,SI,+5762000000,Cra 9 No 5-50 Guamo Tolima,clinica_mediana,alta,http://www.hospitalsanantonioguamo.gov.co
174,Servintegrales A y A Guamo,Dra. Paola Andrea Rodriguez,Multiespecialidad,servintegralesaya@gmail.com,SI,+5732081593,Carrera 13 No 11-28 Guamo Tolima,centro_mediano,alta,
175,Asclepios IPS Sede Guamo,Dra. Sandra Esperanza Diaz,Multiespecialidad,asclepiosipsguamo@gmail.com,SI,+573213710241,Carrera 10 No 6-40 Guamo Tolima,centro_mediano,alta,
176,Dentisonrisa Espinal Tolima,Dr. Director,Odontologia Pediatria,info@dentisonrisaespinal.com,SI,+5762000000,Calle 10 No 7-91 Cons 201 Edif Andrea Espinal,consultorio_premium,muy_alta,
177,Santa Sofia IPS Espinal,Dr. Director,Pediatria Multiespecialidad,info@santasofiaipsespinal.com,SI,+5762000000,Carrera 7 No 5-66 Espinal Tolima,centro_mediano,alta,
178,Asclepios IPS Purificacion Tolima,Dra. Sandra Esperanza Diaz,Multiespecialidad,asclepiosipspurificacion@gmail.com,SI,+5732137100,Avenida Los Fundadores No 17A-47 Purificacion,centro_mediano,alta,
179,DHI Colombia Sede Ibague,Dr. Director,Trasplante Capilar,info@dhicolombia.com.co,SI,+5762000000,Calle 60 No 12-224 Local 273 CC La Estacion Ibague,centro_especializado,muy_alta,https://dhicolombia.com.co
180,Hospital La Candelaria Purificacion Tolima,Dr. Director,Hospitalaria Nivel 2,info@hospitallacandelaria-purificacion.gov.co,SI,+5762000000,Cra 9 Calle 7 Esquina Purificacion Tolima,clinica_mediana,alta,
181,Salud Tolima IPS Espinal,Dr. Director,Multiespecialidad Ultrasonido,info@saludtolimaips.com,SI,+5762394720,Espinal Tolima,centro_mediano,alta,https://saludtolimaips.com
182,Hospital Santa Lucia Cajamarca Tolima,Dr. Director,Hospitalaria,info@hospitalsantalucia-cajamarca.gov.co,SI,+5762000000,Cajamarca Tolima,clinica_mediana,alta,http://www.hospitalsantalucia-cajamarca.gov.co
183,Clinica Dental's Pro Espinal,Dr. Director,Odontologia,info@dentalspro.com,SI,+5762000000,Espinal Tolima,consultorio_premium,alta,https://dentalspro.com
184,Clinica Odontologia Arquidents Espinal,Dr. Director,Odontologia,info@arquidents.co,SI,+573004438221,Espinal Tolima,consultorio,alta,https://clinica-odontologia-arquidents.ueniweb.com
185,Corpo Bello Spa Ibague,Dra. Directora,Medicina Estetica Corporal,info@corpobellospa.com.co,SI,+5762000000,Ibague Tolima,consultorio_premium,alta,https://corpobellospa.com.co
186,Davita Centro de Dialisis Espinal,Dr. Director,Nefrologia Dialisis Psicologia,info-co@davita.com,SI,+5701800011363,Carrera 5 No 11-95 Espinal Tolima,centro_especializado,alta,https://davita.com.co/sedes/tolima/espinal
187,Centro Quiropraxia Ibague Dr Solano,Dr. Solano Pedraza,Quiropraxia Acupuntura,info@quiropraxiaibague.com,SI,+573000000000,Ibague Tolima,consultorio,media,https://quiropraxiaibague.com
188,Galenus Salud Integral IPS Espinal,Dr. Director,Multiespecialidad,info@galenussaludintegral.com,SI,+5762000000,Calle 9 No 8-45 Espinal Tolima,centro_mediano,alta,
189,Centro de Salud Coello Tolima,Dr. Director,Centro Salud Primer Nivel,centrodesaludcoello@gmail.com,SI,+5762000000,Calle 4 No 1-37 Barrio Centro Coello Tolima,centro_mediano,media,
190,Hospital San Sebastian Piedras Tolima,Dr. Director,Hospitalaria,gerencia@hospitalsansebastian-piedras.gov.co,SI,+5762000000,Piedras Tolima,clinica_mediana,alta,
191,Hospital Coyaima Tolima,Dr. Director,Hospitalaria,gerencia@hospitalcoyaima.gov.co,SI,+5762000000,Coyaima Tolima,clinica_mediana,media,
192,Laboratorio Clinico Indira Machado Ibague,Dra. Indira Machado,Laboratorio Clinico,info@indiramachado.com,SI,+5762668950,Calle 43 No 4B-26 Centro Medico Javeriano Cons M-3 Ibague,centro_mediano,alta,https://www.indiramachado.com
193,Laboratorio Clinico Combeima Ibague,Dr. Director,Laboratorio Clinico,info@labcombeima.com,SI,+5762638873,Calle 11 No 1-32 Consulta 105 Ibague,centro_mediano,media,https://labcombeima.com
194,Analicemos Laboratorio Clinico Ibague,Dr. Director,Laboratorio Clinico,recepcion@analicemoslaboratorio.com,SI,+5762772036,Cra 4B No 32-83 Cadiz Ibague,centro_mediano,alta,
195,Neurocirugía Ibague Especialistas,Dr. Neurocirujano,Neurocirugía,info@neurocirugiaibague.com,PENDIENTE,+5762000000,Ibague Tolima,consultorio_premium,alta,
196,Clinica Las Victorias Sede Purificacion,Dr. Director,Hospitalaria,info@clinicalasvictorias.com.co,SI,+5762000000,Carrera 4 No 8B-19 Purificacion Tolima,clinica_mediana,alta,
197,Clinica Dental Especialidades Espinal,Dr. Director,Odontologia Multiespecialidad,info@clinicadentalespecialidades.com,SI,+5762000000,Espinal Tolima,consultorio_premium,muy_alta,https://clinicadentalespecialidades.com
198,Hospital San Vicente Rovira Tolima,Dr. Edwin Jose Molano Ospina,Hospitalaria,gerencia@hospitalsanvicente-rovira.gov.co,SI,+5762000000,Cra 7 Calle 4 Esq Efrain Santamaria Rovira,clinica_mediana,alta,
199,Dermatologia Clinica Estetica Quirurgica Espinal,Dr. Director,Dermatologia Estetica,info@dermatologiaesteticaespinal.com,SI,+573166288468,Cra 6 No 11-70 Espinal Tolima,consultorio_premium,muy_alta,
200,Clinica Las Victorias Espinal,Dr. Director,Cirugia Plastica Multiespecialidad,info@clinicalasvictoriasespinal.com,SI,+5762000000,Carrera 7 No 3-55 Espinal Tolima,clinica_mediana,muy_alta,
